{
    "EuropeanAmerican_AfricanAmerican_Pleasant_Unpleasant": {
        "A_key": "Pleasant",
        "African American names": [
            "darnell",
            "hakim",
            "jermaine",
            "kareem",
            "jamal",
            "leroy",
            "rasheed",
            "tremayne",
            "tyrone",
            "aisha",
            "ebony",
            "keisha",
            "kenya",
            "latonya",
            "lakisha",
            "latoya",
            "tamika",
            "tanisha"
        ],
        "B_key": "Unpleasant",
        "European American names": [
            "brad",
            "brendan",
            "geoffrey",
            "greg",
            "brett",
            "jay",
            "matthew",
            "neil",
            "todd",
            "allison",
            "anne",
            "carrie",
            "emily",
            "jill",
            "laurie",
            "kristen",
            "meredith",
            "sarah"
        ],
        "Pleasant": [
            "caress",
            "freedom",
            "health",
            "love",
            "peace",
            "cheer",
            "friend",
            "heaven",
            "loyal",
            "pleasure",
            "diamond",
            "gentle",
            "honest",
            "lucky",
            "rainbow",
            "diploma",
            "gift",
            "honor",
            "miracle",
            "sunrise",
            "family",
            "happy",
            "laughter",
            "paradise",
            "vacation",
            "joy",
            "love",
            "peace",
            "wonderful",
            "pleasure",
            "friend",
            "laughter",
            "happy"
        ],
        "Unpleasant": [
            "abuse",
            "crash",
            "filth",
            "murder",
            "sickness",
            "accident",
            "death",
            "grief",
            "poison",
            "stink",
            "assault",
            "disaster",
            "hatred",
            "pollute",
            "tragedy",
            "bomb",
            "divorce",
            "jail",
            "poverty",
            "ugly",
            "cancer",
            "evil",
            "kill",
            "rotten",
            "vomit",
            "agony",
            "terrible",
            "horrible",
            "nasty",
            "evil",
            "war",
            "awful",
            "failure"
        ],
        "X_key": "European American names",
        "Y_key": "African American names"
    },
    "Flowers_Insects_Pleasant_Unpleasant": {
        "A_key": "Pleasant",
        "B_key": "Unpleasant",
        "Flowers": [
            "aster",
            "clover",
            "hyacinth",
            "marigold",
            "poppy",
            "azalea",
            "crocus",
            "iris",
            "orchid",
            "rose",
            "bluebell",
            "daffodil",
            "lilac",
            "pansy",
            "tulip",
            "buttercup",
            "daisy",
            "lily",
            "peony",
            "violet",
            "carnation",
            "gladiola",
            "magnolia",
            "petunia",
            "zinnia"
        ],
        "Insects": [
            "ant",
            "caterpillar",
            "flea",
            "locust",
            "spider",
            "bedbug",
            "centipede",
            "fly",
            "maggot",
            "tarantula",
            "bee",
            "cockroach",
            "gnat",
            "mosquito",
            "termite",
            "beetle",
            "cricket",
            "hornet",
            "moth",
            "wasp",
            "blackfly",
            "dragonfly",
            "horsefly",
            "roach",
            "weevil"
        ],
        "Pleasant": [
            "caress",
            "freedom",
            "health",
            "love",
            "peace",
            "cheer",
            "friend",
            "heaven",
            "loyal",
            "pleasure",
            "diamond",
            "gentle",
            "honest",
            "lucky",
            "rainbow",
            "diploma",
            "gift",
            "honor",
            "miracle",
            "sunrise",
            "family",
            "happy",
            "laughter",
            "paradise",
            "vacation"
        ],
        "Unpleasant": [
            "abuse",
            "crash",
            "filth",
            "murder",
            "sickness",
            "accident",
            "death",
            "grief",
            "poison",
            "stink",
            "assault",
            "disaster",
            "hatred",
            "pollute",
            "tragedy",
            "divorce",
            "jail",
            "poverty",
            "ugly",
            "cancer",
            "kill",
            "rotten",
            "vomit",
            "agony",
            "prison"
        ],
        "X_key": "Flowers",
        "Y_key": "Insects"
    },
    "Male_Female_Career_Family": {
        "A_key": "Career words",
        "B_key": "Family words",
        "Career words": [
            "executive",
            "management",
            "professional",
            "corporation",
            "salary",
            "office",
            "business",
            "career"
        ],
        "Family words": [
            "home",
            "parents",
            "children",
            "family",
            "cousins",
            "marriage",
            "wedding",
            "relatives"
        ],
        "Female names": [
            "amy",
            "joan",
            "lisa",
            "sarah",
            "diana",
            "kate",
            "ann",
            "donna"
        ],
        "Male names": [
            "john",
            "paul",
            "mike",
            "kevin",
            "steve",
            "greg",
            "jeff",
            "bill"
        ],
        "X_key": "Male names",
        "Y_key": "Female names"
    },
    "Math_Arts_Male_Female": {
        "A_key": "Male attributes",
        "Arts Words": [
            "poetry",
            "art",
            "dance",
            "literature",
            "novel",
            "symphony",
            "drama",
            "sculpture"
        ],
        "B_key": "Female attributes",
        "Female attributes": [
            "female",
            "woman",
            "girl",
            "sister",
            "she",
            "her",
            "hers",
            "daughter"
        ],
        "Male attributes": [
            "male",
            "man",
            "boy",
            "brother",
            "he",
            "him",
            "his",
            "son"
        ],
        "Math words": [
            "math",
            "algebra",
            "geometry",
            "calculus",
            "equations",
            "computation",
            "numbers",
            "addition"
        ],
        "X_key": "Math words",
        "Y_key": "Arts Words"
    },
    "MusicalInstruments_Weapons_Pleasant_Unpleasant": {
        "A_key": "Pleasant",
        "B_key": "Unpleasant",
        "Musical instruments": [
            "bagpipe",
            "cello",
            "guitar",
            "lute",
            "trombone",
            "banjo",
            "clarinet",
            "harmonica",
            "mandolin",
            "trumpet",
            "bassoon",
            "drum",
            "harp",
            "oboe",
            "tuba",
            "bell",
            "fiddle",
            "harpsichord",
            "piano",
            "viola",
            "bongo",
            "flute",
            "horn",
            "saxophone",
            "violin"
        ],
        "Pleasant": [
            "caress",
            "freedom",
            "health",
            "love",
            "peace",
            "cheer",
            "friend",
            "heaven",
            "loyal",
            "pleasure",
            "diamond",
            "gentle",
            "honest",
            "lucky",
            "rainbow",
            "diploma",
            "gift",
            "honor",
            "miracle",
            "sunrise",
            "family",
            "happy",
            "laughter",
            "paradise",
            "vacation"
        ],
        "Unpleasant": [
            "abuse",
            "crash",
            "filth",
            "murder",
            "sickness",
            "accident",
            "death",
            "grief",
            "poison",
            "stink",
            "assault",
            "disaster",
            "hatred",
            "pollute",
            "tragedy",
            "divorce",
            "jail",
            "poverty",
            "ugly",
            "cancer",
            "kill",
            "rotten",
            "vomit",
            "agony",
            "prison"
        ],
        "Weapons": [
            "arrow",
            "club",
            "gun",
            "missile",
            "spear",
            "axe",
            "dagger",
            "harpoon",
            "pistol",
            "sword",
            "blade",
            "dynamite",
            "hatchet",
            "rifle",
            "tank",
            "bomb",
            "firearm",
            "knife",
            "shotgun",
            "teargas",
            "cannon",
            "grenade",
            "mace",
            "slingshot",
            "whip"
        ],
        "X_key": "Musical instruments",
        "Y_key": "Weapons"
    },
    "Science_Arts_Male_Female": {
        "A_key": "Male attributes",
        "Arts words": [
            "poetry",
            "art",
            "shakespeare",
            "dance",
            "literature",
            "novel",
            "symphony",
            "drama"
        ],
        "B_key": "Female attributes",
        "Female attributes": [
            "sister",
            "mother",
            "aunt",
            "grandmother",
            "daughter",
            "she",
            "hers",
            "her"
        ],
        "Male attributes": [
            "brother",
            "father",
            "uncle",
            "grandfather",
            "son",
            "he",
            "his",
            "him"
        ],
        "Science words": [
            "science",
            "technology",
            "physics",
            "chemistry",
            "einstein",
            "nasa",
            "experiment",
            "astronomy"
        ],
        "X_key": "Science words",
        "Y_key": "Arts words"
    }
}